Tau,Plain Collisions,Slotted Collisions
1e-06,1.98,1.3
2e-06,4.22,2.43
3e-06,6.15,3.68
4e-06,8.18,5.59
4.9999999999999996e-06,10.39,7.1
5.999999999999999e-06,11.48,7.85
6.999999999999999e-06,13.43,9.1
8e-06,16.29,11.45
9e-06,17.99,11.96
1e-05,19.64,12.33
1.1000000000000001e-05,21.69,13.97
1.2000000000000002e-05,23.83,18.34
1.3000000000000003e-05,24.4,17.73
1.4000000000000003e-05,27.35,17.08
1.5000000000000004e-05,29.62,19.18
1.6000000000000003e-05,32.1,23.39
1.7000000000000003e-05,32.36,23.82
1.8000000000000004e-05,35.53,22.96
1.9000000000000004e-05,37.57,25.69
2.0000000000000005e-05,39.01,29.08
2.1000000000000006e-05,41.1,29.09
2.2000000000000006e-05,42.87,28.62
2.3000000000000007e-05,44.27,31.71
2.4000000000000007e-05,47.13,34.01
2.5000000000000008e-05,49.04,35.74
2.600000000000001e-05,50.27,33.66
2.700000000000001e-05,51.57,39.56
2.800000000000001e-05,53.92,37.91
2.900000000000001e-05,55.66,35.54
3.000000000000001e-05,58.25,37.05
3.100000000000001e-05,61.13,44.81
3.2000000000000005e-05,61.83,42.01
3.3e-05,64.15,40.9
3.4e-05,64.56,42.63
3.5e-05,67.32,49.29
3.5999999999999994e-05,69.31,47.95
3.699999999999999e-05,70.27,44.76
3.799999999999999e-05,72.62,48.6
3.8999999999999986e-05,75.75,56.71
3.999999999999998e-05,76.33,55.86
4.099999999999998e-05,77.41,52.14
4.199999999999998e-05,81.52,54.47
4.2999999999999975e-05,81.7,61.26
4.399999999999997e-05,86.27,58.94
4.499999999999997e-05,86.15,55.64
4.5999999999999966e-05,89.67,61.5
4.699999999999996e-05,90.01,65.44
4.799999999999996e-05,92.31,65.66
4.899999999999996e-05,91.81,62.08
4.9999999999999955e-05,95.5,67.26
5.099999999999995e-05,96.91,70.67
5.199999999999995e-05,97.5,71.58
5.2999999999999947e-05,100.46,67.55
5.3999999999999944e-05,101.97,76.37
5.499999999999994e-05,104.26,77.85
5.599999999999994e-05,105.58,67.21
5.6999999999999935e-05,107.94,68.77
5.799999999999993e-05,109.96,84.43
5.899999999999993e-05,110.71,78.16
5.999999999999993e-05,112.96,71.49
6.0999999999999924e-05,115.1,74.52
6.199999999999992e-05,116.02,88.69
6.299999999999992e-05,118.07,82.63
6.399999999999992e-05,120.58,76.48
6.499999999999991e-05,122.57,80.89
6.599999999999991e-05,123.41,91.76
6.699999999999991e-05,124.73,89.0
6.79999999999999e-05,125.66,82.56
6.89999999999999e-05,128.54,89.58
6.99999999999999e-05,129.28,95.4
7.09999999999999e-05,131.93,93.17
7.19999999999999e-05,132.66,86.19
7.299999999999989e-05,136.48,91.95
7.399999999999989e-05,136.63,100.66
7.499999999999989e-05,140.57,99.27
7.599999999999988e-05,140.29,93.63
7.699999999999988e-05,140.35,100.73
7.799999999999988e-05,144.32,105.51
7.899999999999987e-05,146.05,106.82
7.999999999999987e-05,147.78,100.16
8.099999999999987e-05,149.97,110.84
8.199999999999987e-05,149.88,112.5
8.299999999999986e-05,151.7,116.73
8.399999999999986e-05,155.49,99.13
8.499999999999986e-05,156.0,119.43
8.599999999999985e-05,158.96,111.32
8.699999999999985e-05,160.68,101.75
8.799999999999985e-05,162.18,105.96
8.899999999999985e-05,161.65,121.73
8.999999999999984e-05,164.05,117.17
9.099999999999984e-05,165.56,105.8
9.199999999999984e-05,166.52,111.69
9.299999999999983e-05,169.83,128.21
9.399999999999983e-05,171.92,121.76
9.499999999999983e-05,172.97,113.23
9.599999999999983e-05,174.16,120.68
9.699999999999982e-05,175.62,128.69
9.799999999999982e-05,176.84,125.43
9.899999999999982e-05,178.92,116.2
9.999999999999982e-05,180.95,124.76
0.00010099999999999981,181.97,134.04
0.00010199999999999981,185.2,132.83
0.0001029999999999998,183.88,124.04
0.0001039999999999998,186.41,131.54
0.0001049999999999998,187.6,140.11
0.0001059999999999998,189.45,139.88
0.0001069999999999998,190.98,129.86
0.00010799999999999979,194.09,140.67
0.00010899999999999979,195.47,145.78
0.00010999999999999979,198.57,149.16
0.00011099999999999978,200.77,127.13
0.00011199999999999978,199.93,154.6
0.00011299999999999978,200.82,142.99
0.00011399999999999978,202.76,130.48
0.00011499999999999977,207.48,134.92
0.00011599999999999977,205.99,156.7
0.00011699999999999977,208.26,148.49
0.00011799999999999976,211.51,135.97
0.00011899999999999976,211.87,139.26
0.00011999999999999976,213.7,161.41
0.00012099999999999976,215.03,154.83
0.00012199999999999975,218.56,141.49
0.00012299999999999976,219.79,149.25
0.00012399999999999976,219.02,167.23
0.00012499999999999976,221.32,156.46
0.00012599999999999976,225.24,143.75
0.00012699999999999975,224.58,153.7
0.00012799999999999975,227.35,166.57
0.00012899999999999975,228.73,163.51
0.00012999999999999974,227.85,150.46
0.00013099999999999974,229.87,164.58
0.00013199999999999974,232.14,170.4
0.00013299999999999974,234.22,169.01
0.00013399999999999973,234.9,157.18
0.00013499999999999973,236.4,172.39
0.00013599999999999973,238.81,177.59
0.00013699999999999973,239.81,180.33
0.00013799999999999972,243.24,168.61
0.00013899999999999972,241.31,184.61
0.00013999999999999972,243.73,173.15
0.00014099999999999971,244.71,158.71
0.0001419999999999997,247.66,161.57
0.0001429999999999997,246.38,190.7
0.0001439999999999997,250.63,178.81
0.0001449999999999997,250.32,163.99
0.0001459999999999997,253.93,167.94
0.0001469999999999997,255.18,191.46
0.0001479999999999997,255.72,183.53
0.0001489999999999997,259.87,168.16
0.0001499999999999997,259.13,177.09
0.00015099999999999969,258.45,198.54
0.00015199999999999968,260.82,190.0
0.00015299999999999968,262.66,172.14
0.00015399999999999968,263.2,180.97
0.00015499999999999967,268.54,198.54
0.00015599999999999967,268.47,192.55
0.00015699999999999967,267.92,178.53
0.00015799999999999967,271.05,191.3
0.00015899999999999966,273.0,205.32
0.00015999999999999966,274.31,199.42
0.00016099999999999966,275.15,183.34
0.00016199999999999966,275.3,200.46
0.00016299999999999965,276.99,209.84
0.00016399999999999965,278.82,208.49
0.00016499999999999965,280.21,196.78
0.00016599999999999964,284.54,216.45
0.00016699999999999964,284.6,201.82
0.00016799999999999964,286.47,184.78
0.00016899999999999964,287.97,189.49
0.00016999999999999963,286.48,222.91
0.00017099999999999963,290.56,207.5
0.00017199999999999963,289.5,191.93
0.00017299999999999962,291.44,196.88
0.00017399999999999962,293.2,222.87
0.00017499999999999962,294.35,209.82
0.00017599999999999962,297.29,195.18
0.0001769999999999996,297.67,202.97
0.0001779999999999996,300.03,228.18
0.0001789999999999996,301.28,221.9
0.0001799999999999996,303.08,201.5
0.0001809999999999996,304.7,208.42
0.0001819999999999996,304.69,227.26
0.0001829999999999996,305.74,221.03
0.0001839999999999996,307.51,204.03
0.0001849999999999996,307.39,218.7
0.0001859999999999996,310.35,234.39
0.00018699999999999959,311.78,226.15
0.00018799999999999958,311.52,211.01
0.00018899999999999958,314.36,229.08
0.00018999999999999958,316.72,237.82
0.00019099999999999957,318.81,236.55
0.00019199999999999957,318.4,219.22
0.00019299999999999957,319.36,241.89
0.00019399999999999957,321.93,228.89
0.00019499999999999956,325.28,210.94
0.00019599999999999956,323.19,213.04
0.00019699999999999956,326.2,250.9
0.00019799999999999955,325.92,233.95
0.00019899999999999955,329.88,215.52
0.00019999999999999955,328.48,219.16
0.00020099999999999955,329.59,252.33
0.00020199999999999954,333.76,239.04
0.00020299999999999954,333.57,219.52
0.00020399999999999954,334.68,227.54
0.00020499999999999953,336.74,257.72
0.00020599999999999953,338.16,246.84
0.00020699999999999953,339.03,226.5
0.00020799999999999953,340.05,232.57
0.00020899999999999952,342.05,255.38
0.00020999999999999952,342.3,249.21
0.00021099999999999952,344.27,228.91
0.00021199999999999952,343.79,242.09
0.0002129999999999995,345.1,261.2
0.0002139999999999995,349.17,257.92
0.0002149999999999995,347.61,233.92
0.0002159999999999995,349.9,253.35
0.0002169999999999995,351.41,267.22
0.0002179999999999995,352.36,267.25
0.0002189999999999995,351.94,244.92
0.0002199999999999995,355.56,266.99
0.0002209999999999995,355.62,275.07
0.0002219999999999995,358.41,236.39
0.00022299999999999948,359.78,237.95
0.00022399999999999948,361.74,283.62
0.00022499999999999948,362.36,260.37
0.00022599999999999948,360.61,239.83
0.00022699999999999947,360.4,245.42
0.00022799999999999947,365.64,284.48
0.00022899999999999947,367.93,264.41
0.00022999999999999946,367.72,244.77
0.00023099999999999946,368.82,252.59
0.00023199999999999946,368.34,283.77
0.00023299999999999946,374.7,272.45
0.00023399999999999945,372.91,253.12
0.00023499999999999945,373.59,266.71
0.00023599999999999945,375.1,282.84
0.00023699999999999945,377.76,273.64
0.00023799999999999944,377.76,252.37
0.00023899999999999944,380.01,266.64
0.00023999999999999944,381.3,287.11
0.00024099999999999943,383.63,281.77
0.00024199999999999943,382.19,260.73
0.00024299999999999943,384.35,279.53
0.00024399999999999943,385.23,292.16
0.00024499999999999945,387.49,288.82
0.0002459999999999995,387.19,264.72
0.0002469999999999995,389.77,292.4
0.0002479999999999995,390.73,299.72
0.00024899999999999955,390.94,305.2
0.00024999999999999957,393.65,260.2
0.0002509999999999996,395.5,310.45
0.0002519999999999996,396.02,287.51
0.00025299999999999964,396.88,263.12
0.00025399999999999967,396.55,269.69
0.0002549999999999997,399.23,311.5
0.0002559999999999997,398.8,295.45
0.00025699999999999974,402.16,267.79
0.00025799999999999977,403.24,278.91
0.0002589999999999998,405.53,313.82
0.0002599999999999998,405.61,299.4
0.00026099999999999984,406.44,274.16
0.00026199999999999986,407.67,289.47
0.0002629999999999999,409.67,322.26
0.0002639999999999999,411.79,302.64
0.00026499999999999994,411.68,275.7
0.00026599999999999996,412.79,293.79
0.000267,413.64,317.74
0.000268,415.68,310.75
0.00026900000000000003,414.52,284.08
0.00027000000000000006,418.67,307.36
0.0002710000000000001,418.14,317.48
0.0002720000000000001,419.35,318.81
0.00027300000000000013,420.44,293.97
0.00027400000000000015,422.34,322.36
0.0002750000000000002,422.42,329.43
0.0002760000000000002,423.16,330.19
0.00027700000000000023,425.9,307.28
0.00027800000000000025,426.25,337.31
0.0002790000000000003,428.69,316.28
0.0002800000000000003,428.64,289.1
0.0002810000000000003,429.01,293.53
0.00028200000000000035,429.42,341.48
0.0002830000000000004,432.63,322.88
0.0002840000000000004,432.09,295.92
0.0002850000000000004,433.95,299.9
0.00028600000000000045,434.74,340.76
0.00028700000000000047,435.88,322.85
0.0002880000000000005,438.3,300.59
0.0002890000000000005,437.6,311.48
0.00029000000000000054,439.9,346.49
0.00029100000000000057,439.86,333.58
0.0002920000000000006,441.84,305.86
0.0002930000000000006,444.24,316.98
0.00029400000000000064,443.5,340.54
0.00029500000000000067,444.21,335.66
0.0002960000000000007,446.62,306.93
0.0002970000000000007,445.8,328.75
0.00029800000000000074,446.46,350.47
0.00029900000000000076,451.61,347.01
0.0003000000000000008,450.57,315.07
0.0003010000000000008,450.0,342.84
0.00030200000000000084,452.44,353.01
0.00030300000000000086,454.8,353.32
0.0003040000000000009,455.4,330.64
0.0003050000000000009,454.91,361.79
0.00030600000000000093,457.04,365.8
0.00030700000000000096,457.98,311.67
0.000308000000000001,458.66,315.02
0.000309000000000001,460.25,366.49
0.00031000000000000103,460.93,343.07
0.00031100000000000105,462.14,317.66
0.0003120000000000011,464.43,327.7
0.0003130000000000011,464.61,372.9
0.00031400000000000113,465.44,348.15
0.00031500000000000115,465.53,322.8
0.0003160000000000012,468.78,334.32
0.0003170000000000012,467.93,369.07
0.0003180000000000012,470.5,359.15
0.00031900000000000125,471.53,331.76
0.0003200000000000013,470.77,348.44
0.0003210000000000013,472.17,367.38
0.0003220000000000013,473.05,357.18
0.00032300000000000135,473.62,330.57
0.00032400000000000137,475.5,352.14
0.0003250000000000014,475.96,373.58
0.0003260000000000014,478.45,368.46
0.00032700000000000144,477.26,342.32
0.00032800000000000147,480.87,364.17
0.0003290000000000015,482.34,377.49
0.0003300000000000015,485.05,375.5
0.00033100000000000154,484.66,352.22
0.00033200000000000156,483.76,383.76
0.0003330000000000016,486.57,389.13
0.0003340000000000016,488.23,389.87
0.00033500000000000164,489.07,336.17
0.00033600000000000166,489.24,391.15
0.0003370000000000017,488.84,367.95
0.0003380000000000017,492.05,337.92
0.00033900000000000173,491.48,345.32
0.00034000000000000176,493.13,394.99
0.0003410000000000018,492.82,374.16
0.0003420000000000018,497.98,342.22
0.00034300000000000183,498.13,356.74
0.00034400000000000186,495.72,396.85
0.0003450000000000019,497.67,379.47
0.0003460000000000019,500.38,351.89
0.00034700000000000193,500.39,372.06
0.00034800000000000195,501.08,402.45
0.000349000000000002,499.72,377.23
0.000350000000000002,503.08,350.01
0.000351000000000002,503.25,374.22
0.00035200000000000205,506.21,396.51
0.0003530000000000021,507.98,391.65
0.0003540000000000021,506.11,361.91
0.0003550000000000021,509.44,388.75
0.00035600000000000215,509.19,401.59
0.00035700000000000217,507.71,395.78
0.0003580000000000022,510.88,371.54
0.0003590000000000022,509.81,402.47
0.00036000000000000225,512.16,410.58
0.00036100000000000227,515.36,414.51
0.0003620000000000023,515.74,384.68
0.0003630000000000023,515.49,415.61
0.00036400000000000234,515.92,388.47
0.00036500000000000237,517.5,360.11
0.0003660000000000024,519.57,367.23
0.0003670000000000024,520.52,416.92
0.00036800000000000244,520.4,395.26
0.00036900000000000246,520.29,367.01
0.0003700000000000025,522.82,377.27
0.0003710000000000025,524.66,417.94
0.00037200000000000254,523.47,400.56
0.00037300000000000256,526.24,372.58
0.0003740000000000026,525.94,390.3
0.0003750000000000026,526.71,426.4
0.00037600000000000263,528.03,413.22
0.00037700000000000266,530.41,381.52
0.0003780000000000027,530.28,393.07
0.0003790000000000027,530.63,419.0
0.00038000000000000273,532.19,410.13
0.00038100000000000276,531.71,378.2
0.0003820000000000028,532.3,409.94
0.0003830000000000028,535.89,425.94
0.00038400000000000283,535.54,422.6
0.00038500000000000285,536.16,388.4
0.0003860000000000029,536.82,424.79
0.0003870000000000029,537.33,431.23
0.0003880000000000029,538.11,433.86
0.00038900000000000295,539.0,403.03
0.000390000000000003,541.59,438.36
0.000391000000000003,541.34,437.98
0.000392000000000003,542.04,377.14
0.00039300000000000305,543.8,385.25
0.00039400000000000307,545.42,442.16
0.0003950000000000031,545.01,417.14
0.0003960000000000031,547.0,386.61
0.00039700000000000314,548.42,396.45
0.00039800000000000317,549.5,446.8
0.0003990000000000032,550.15,419.39
0.0004000000000000032,550.51,390.73
0.00040100000000000324,551.51,409.1
0.00040200000000000327,551.83,448.14
0.0004030000000000033,552.77,434.94
0.0004040000000000033,555.38,402.37
0.00040500000000000334,555.6,424.4
0.00040600000000000336,556.84,438.54
0.0004070000000000034,555.64,427.45
0.0004080000000000034,558.02,398.52
0.00040900000000000344,556.88,425.92
0.00041000000000000346,557.51,447.75
0.0004110000000000035,560.32,442.05
0.0004120000000000035,562.66,408.89
0.00041300000000000353,562.86,440.98
0.00041400000000000356,560.87,452.99
0.0004150000000000036,561.59,453.74
0.0004160000000000036,565.52,425.14
0.00041700000000000363,566.02,460.76
0.00041800000000000366,566.32,463.83
0.0004190000000000037,566.24,461.48
0.0004200000000000037,568.56,416.34
0.00042100000000000373,568.12,463.84
0.00042200000000000375,569.11,435.27
0.0004230000000000038,569.36,401.72
0.0004240000000000038,571.69,415.48
0.0004250000000000038,573.93,466.27
0.00042600000000000385,573.95,443.0
0.0004270000000000039,573.66,410.84
0.0004280000000000039,573.54,422.35
0.0004290000000000039,576.15,468.07
0.00043000000000000395,576.35,453.94
0.00043100000000000397,578.36,417.75
0.000432000000000004,577.08,441.05
0.000433000000000004,578.22,471.05
0.00043400000000000404,580.29,460.37
0.00043500000000000407,583.07,416.52
0.0004360000000000041,582.04,443.42
0.0004370000000000041,582.54,464.49
0.00043800000000000414,582.89,462.33
0.00043900000000000417,582.25,428.76
0.0004400000000000042,586.44,462.27
0.0004410000000000042,584.68,476.11
0.00044200000000000424,585.38,473.07
0.00044300000000000426,586.18,442.17
0.0004440000000000043,587.17,480.33
0.0004450000000000043,588.29,480.26
0.00044600000000000434,588.95,481.71
0.00044700000000000436,590.08,449.33
0.0004480000000000044,592.42,482.0
0.0004490000000000044,592.21,456.6
0.00045000000000000443,595.12,420.41
0.00045100000000000446,593.91,432.05
0.0004520000000000045,592.65,485.93
0.0004530000000000045,595.41,463.9
0.00045400000000000453,596.18,428.43
0.00045500000000000455,595.71,444.3
0.0004560000000000046,598.96,488.66
0.0004570000000000046,598.95,469.64
0.00045800000000000463,597.97,435.54
0.00045900000000000465,598.93,460.5
0.0004600000000000047,601.17,493.84
0.0004610000000000047,603.41,479.05
0.0004620000000000047,601.77,444.69
0.00046300000000000475,603.45,461.18
0.0004640000000000048,605.61,485.94
0.0004650000000000048,604.2,478.59
0.0004660000000000048,605.53,445.58
0.00046700000000000485,606.28,478.66
0.00046800000000000487,606.66,494.2
0.0004690000000000049,607.19,493.86
0.0004700000000000049,607.67,455.25
0.00047100000000000494,607.98,498.79
0.00047200000000000497,610.01,503.5
0.000473000000000005,610.55,500.51
0.000474000000000005,612.91,469.78
0.00047500000000000504,611.38,503.85
0.00047600000000000506,613.79,505.39
0.0004770000000000051,613.41,437.55
0.0004780000000000051,613.92,448.37
0.00047900000000000514,615.97,504.95
0.00048000000000000516,616.61,480.2
0.0004810000000000052,617.69,446.0
0.0004820000000000052,618.88,461.22
0.00048300000000000524,618.59,510.67
0.00048400000000000526,619.95,489.35
0.0004850000000000053,619.19,454.16
0.0004860000000000053,621.14,475.44
0.00048700000000000533,622.22,514.01
0.00048800000000000536,622.99,497.83
0.0004890000000000054,621.81,461.23
0.0004900000000000054,622.78,486.31
0.0004910000000000054,625.77,516.52
0.0004920000000000055,624.05,494.72
0.0004930000000000055,625.21,460.54
0.0004940000000000055,627.37,496.78
0.0004950000000000055,628.95,510.95
0.0004960000000000056,627.87,509.6
0.0004970000000000056,630.3,473.1
0.0004980000000000056,631.19,513.91
0.0004990000000000056,631.93,519.52
0.0005000000000000056,631.36,522.27
0.0005010000000000057,631.72,488.28
0.0005020000000000057,632.25,525.44
0.0005030000000000057,634.81,524.94
0.0005040000000000057,635.43,524.68
0.0005050000000000058,635.99,493.38
0.0005060000000000058,636.8,525.77
0.0005070000000000058,636.59,497.68
0.0005080000000000058,636.49,461.12
0.0005090000000000059,639.1,476.42
0.0005100000000000059,637.52,527.85
0.0005110000000000059,639.34,506.18
0.0005120000000000059,640.34,468.97
0.000513000000000006,641.84,490.68
0.000514000000000006,643.0,531.1
0.000515000000000006,641.91,514.74
0.000516000000000006,642.07,476.24
0.0005170000000000061,643.52,504.86
0.0005180000000000061,645.17,534.72
0.0005190000000000061,645.89,523.74
0.0005200000000000061,647.85,476.59
0.0005210000000000062,646.15,509.14
0.0005220000000000062,647.49,530.56
0.0005230000000000062,647.98,524.86
0.0005240000000000062,651.51,490.13
0.0005250000000000063,648.94,529.39
0.0005260000000000063,650.24,537.14
0.0005270000000000063,651.31,539.18
0.0005280000000000063,651.34,502.69
0.0005290000000000064,650.68,542.45
0.0005300000000000064,652.69,542.6
0.0005310000000000064,653.43,544.93
0.0005320000000000064,654.26,507.86
0.0005330000000000065,654.88,544.39
0.0005340000000000065,656.45,515.74
0.0005350000000000065,657.13,476.78
0.0005360000000000065,655.94,490.76
0.0005370000000000065,657.8,548.16
0.0005380000000000066,659.27,522.15
0.0005390000000000066,657.04,484.78
0.0005400000000000066,659.93,506.31
0.0005410000000000066,660.06,549.79
0.0005420000000000067,661.36,530.5
0.0005430000000000067,661.98,493.7
0.0005440000000000067,664.06,519.38
0.0005450000000000067,662.35,551.54
0.0005460000000000068,664.79,540.87
0.0005470000000000068,664.56,499.76
0.0005480000000000068,664.84,529.25
0.0005490000000000068,665.35,546.88
0.0005500000000000069,666.68,540.87
0.0005510000000000069,668.1,502.55
0.0005520000000000069,667.91,545.27
0.0005530000000000069,669.25,555.35
0.000554000000000007,668.93,557.16
0.000555000000000007,669.27,518.55
0.000556000000000007,670.8,558.59
0.000557000000000007,670.94,558.94
0.0005580000000000071,671.25,560.74
0.0005590000000000071,671.63,527.34
0.0005600000000000071,671.68,561.97
0.0005610000000000071,674.47,563.74
0.0005620000000000072,674.36,563.49
0.0005630000000000072,673.75,504.64
0.0005640000000000072,675.99,565.49
0.0005650000000000072,674.92,538.49
0.0005660000000000073,676.41,500.57
0.0005670000000000073,677.62,520.83
0.0005680000000000073,677.92,566.81
0.0005690000000000073,679.64,547.25
0.0005700000000000073,679.26,507.33
0.0005710000000000074,680.71,534.04
0.0005720000000000074,680.53,569.55
0.0005730000000000074,682.83,557.0
0.0005740000000000074,682.67,516.6
0.0005750000000000075,684.48,545.58
0.0005760000000000075,683.3,571.4
0.0005770000000000075,685.97,554.34
0.0005780000000000075,685.64,518.7
0.0005790000000000076,684.03,556.09
0.0005800000000000076,683.86,570.11
0.0005810000000000076,687.24,570.16
0.0005820000000000076,687.43,531.17
0.0005830000000000077,688.2,575.84
0.0005840000000000077,689.13,578.01
0.0005850000000000077,688.92,575.48
0.0005860000000000077,691.07,540.37
0.0005870000000000078,689.97,578.89
0.0005880000000000078,690.78,579.24
0.0005890000000000078,690.46,578.36
0.0005900000000000078,691.92,550.2
0.0005910000000000079,691.56,578.94
0.0005920000000000079,693.66,552.59
0.0005930000000000079,694.2,515.28
0.0005940000000000079,694.5,532.36
0.000595000000000008,697.41,583.95
0.000596000000000008,695.67,562.62
0.000597000000000008,694.54,520.87
0.000598000000000008,698.12,548.03
0.0005990000000000081,697.66,586.64
0.0006000000000000081,698.04,571.28
0.0006010000000000081,698.64,531.86
0.0006020000000000081,699.27,563.34
0.0006030000000000082,701.22,588.48
0.0006040000000000082,701.85,579.75
0.0006050000000000082,700.14,529.44
0.0006060000000000082,701.87,567.59
0.0006070000000000082,702.67,586.7
0.0006080000000000083,704.39,584.94
0.0006090000000000083,704.71,545.2
0.0006100000000000083,702.68,590.76
0.0006110000000000083,704.5,592.81
0.0006120000000000084,705.01,592.23
0.0006130000000000084,706.39,552.88
0.0006140000000000084,708.72,594.56
0.0006150000000000084,707.25,595.83
0.0006160000000000085,708.09,596.24
0.0006170000000000085,708.97,564.56
0.0006180000000000085,708.46,596.29
0.0006190000000000085,711.03,596.6
0.0006200000000000086,709.7,527.44
0.0006210000000000086,713.01,544.13
0.0006220000000000086,711.0,599.45
0.0006230000000000086,710.85,578.02
0.0006240000000000087,713.02,535.45
0.0006250000000000087,715.38,558.4
0.0006260000000000087,714.5,601.66
0.0006270000000000087,712.92,585.34
0.0006280000000000088,713.93,543.78
0.0006290000000000088,714.19,575.59
0.0006300000000000088,716.04,603.24
0.0006310000000000088,717.72,592.53
0.0006320000000000089,717.12,552.84
0.0006330000000000089,716.39,587.89
0.0006340000000000089,717.91,597.11
0.0006350000000000089,718.96,600.25
0.000636000000000009,720.4,557.2
0.000637000000000009,719.16,600.97
0.000638000000000009,720.15,608.56
0.000639000000000009,722.21,609.38
0.000640000000000009,722.51,568.26
0.0006410000000000091,721.38,610.52
0.0006420000000000091,721.6,612.46
0.0006430000000000091,722.33,611.46
0.0006440000000000091,724.48,577.16
0.0006450000000000092,723.79,612.65
0.0006460000000000092,725.27,613.08
0.0006470000000000092,725.47,615.12
0.0006480000000000092,725.06,559.46
0.0006490000000000093,725.23,614.55
0.0006500000000000093,726.41,589.63
0.0006510000000000093,727.86,546.05
0.0006520000000000093,728.77,571.59
0.0006530000000000094,729.44,617.0
0.0006540000000000094,728.3,597.53
0.0006550000000000094,730.06,556.18
0.0006560000000000094,731.06,587.05
0.0006570000000000095,729.38,619.59
0.0006580000000000095,731.19,606.34
0.0006590000000000095,732.61,566.45
0.0006600000000000095,732.32,600.64
0.0006610000000000096,732.31,622.75
0.0006620000000000096,731.8,610.19
0.0006630000000000096,733.61,568.45
0.0006640000000000096,734.95,612.49
0.0006650000000000097,734.9,622.54
0.0006660000000000097,736.31,625.91
0.0006670000000000097,737.0,583.87
0.0006680000000000097,736.74,626.21
0.0006690000000000098,736.94,628.36
0.0006700000000000098,737.38,626.18
0.0006710000000000098,737.38,590.88
0.0006720000000000098,738.94,627.13
0.0006730000000000099,738.59,627.96
0.0006740000000000099,739.77,629.72
0.0006750000000000099,741.22,598.78
0.0006760000000000099,740.79,630.1
0.00067700000000001,741.54,603.17
0.00067800000000001,741.41,560.5
0.00067900000000001,741.98,583.76
0.00068000000000001,743.44,630.22
0.00068100000000001,743.32,611.75
0.0006820000000000101,743.97,567.47
0.0006830000000000101,745.35,597.93
0.0006840000000000101,743.98,634.67
0.0006850000000000101,746.53,619.67
0.0006860000000000102,746.22,579.06
0.0006870000000000102,747.09,615.37
0.0006880000000000102,746.35,636.61
0.0006890000000000102,748.09,629.7
0.0006900000000000103,748.54,585.48
0.0006910000000000103,748.43,622.93
0.0006920000000000103,750.13,636.97
0.0006930000000000103,748.75,635.06
0.0006940000000000104,750.72,595.37
0.0006950000000000104,749.51,640.52
0.0006960000000000104,751.6,641.57
0.0006970000000000104,752.61,640.02
0.0006980000000000105,753.52,602.26
0.0006990000000000105,752.58,642.78
0.0007000000000000105,752.55,641.93
0.0007010000000000105,754.53,642.77
0.0007020000000000106,754.28,609.92
0.0007030000000000106,754.72,644.1
0.0007040000000000106,754.94,644.66
0.0007050000000000106,754.81,572.89
0.0007060000000000107,757.0,596.85
0.0007070000000000107,755.99,646.61
0.0007080000000000107,754.9,624.6
0.0007090000000000107,755.97,580.51
0.0007100000000000108,756.93,609.84
0.0007110000000000108,757.72,649.19
0.0007120000000000108,759.26,632.21
0.0007130000000000108,758.54,588.0
0.0007140000000000108,759.87,626.07
0.0007150000000000109,760.65,649.33
0.0007160000000000109,761.9,642.58
0.0007170000000000109,762.11,598.79
0.000718000000000011,762.54,640.18
0.000719000000000011,761.93,646.4
0.000720000000000011,759.86,646.81
0.000721000000000011,762.56,606.06
0.000722000000000011,762.47,653.53
0.0007230000000000111,763.33,654.84
0.0007240000000000111,763.29,654.3
0.0007250000000000111,764.18,615.1
0.0007260000000000111,766.25,656.49
0.0007270000000000112,766.88,654.0
0.0007280000000000112,766.6,656.46
0.0007290000000000112,767.56,621.93
0.0007300000000000112,765.99,658.76
0.0007310000000000113,769.56,657.84
0.0007320000000000113,767.47,658.57
0.0007330000000000113,769.21,604.15
0.0007340000000000113,768.95,659.11
0.0007350000000000114,769.81,637.28
0.0007360000000000114,768.74,592.77
0.0007370000000000114,770.74,620.39
0.0007380000000000114,770.92,660.71
0.0007390000000000115,771.04,644.0
0.0007400000000000115,773.47,600.9
0.0007410000000000115,772.6,637.32
0.0007420000000000115,772.92,663.25
0.0007430000000000116,772.52,652.41
0.0007440000000000116,773.76,607.59
0.0007450000000000116,774.36,650.44
0.0007460000000000116,775.2,665.73
0.0007470000000000117,775.3,662.3
0.0007480000000000117,775.76,617.48
0.0007490000000000117,775.02,665.04
0.0007500000000000117,775.38,664.26
0.0007510000000000117,778.35,668.16
0.0007520000000000118,778.05,626.45
0.0007530000000000118,776.1,668.93
0.0007540000000000118,778.26,668.3
0.0007550000000000118,777.66,670.42
0.0007560000000000119,778.43,635.25
0.0007570000000000119,779.72,669.73
0.0007580000000000119,780.0,670.07
0.0007590000000000119,779.36,669.38
0.000760000000000012,779.62,643.24
0.000761000000000012,782.56,671.86
0.000762000000000012,780.64,646.86
0.000763000000000012,781.96,603.36
0.0007640000000000121,782.67,630.68
0.0007650000000000121,783.23,675.57
0.0007660000000000121,783.52,655.05
0.0007670000000000121,784.0,611.62
0.0007680000000000122,784.54,645.93
0.0007690000000000122,784.87,676.13
0.0007700000000000122,785.36,664.43
0.0007710000000000122,784.8,619.73
0.0007720000000000123,785.47,659.36
0.0007730000000000123,785.94,679.43
0.0007740000000000123,785.33,670.38
0.0007750000000000123,787.32,627.73
0.0007760000000000124,786.59,673.56
0.0007770000000000124,787.42,678.35
0.0007780000000000124,789.24,679.52
0.0007790000000000124,788.35,638.19
0.0007800000000000125,790.19,681.16
0.0007810000000000125,790.28,681.04
0.0007820000000000125,789.53,682.14
0.0007830000000000125,790.0,645.67
0.0007840000000000126,790.5,683.06
0.0007850000000000126,790.91,683.03
0.0007860000000000126,791.98,684.19
0.0007870000000000126,791.81,653.96
0.0007880000000000126,792.94,684.0
0.0007890000000000127,793.36,684.25
0.0007900000000000127,793.76,614.57
0.0007910000000000127,793.05,639.02
0.0007920000000000127,795.99,688.74
0.0007930000000000128,796.24,666.16
0.0007940000000000128,795.2,622.69
0.0007950000000000128,796.12,655.15
0.0007960000000000128,795.44,687.05
0.0007970000000000129,796.41,673.08
0.0007980000000000129,797.1,630.38
0.0007990000000000129,798.12,670.12
0.0008000000000000129,797.66,689.18
0.000801000000000013,797.31,684.75
0.000802000000000013,799.38,638.02
0.000803000000000013,798.88,683.2
0.000804000000000013,797.83,691.13
0.0008050000000000131,800.38,692.15
0.0008060000000000131,799.92,646.97
0.0008070000000000131,799.91,693.06
0.0008080000000000131,800.43,693.49
0.0008090000000000132,799.69,694.28
0.0008100000000000132,801.07,654.15
0.0008110000000000132,801.27,695.58
0.0008120000000000132,800.71,694.15
0.0008130000000000133,803.14,695.61
0.0008140000000000133,801.66,664.02
0.0008150000000000133,804.96,696.67
0.0008160000000000133,804.4,696.84
0.0008170000000000134,803.68,696.93
0.0008180000000000134,803.51,672.61
0.0008190000000000134,803.68,696.88
0.0008200000000000134,805.85,678.33
0.0008210000000000135,806.03,632.11
0.0008220000000000135,805.19,663.8
0.0008230000000000135,805.61,700.21
0.0008240000000000135,806.75,684.59
0.0008250000000000135,807.6,639.36
0.0008260000000000136,808.0,677.42
0.0008270000000000136,808.29,702.56
0.0008280000000000136,809.12,692.63
0.0008290000000000136,810.5,648.14
0.0008300000000000137,808.3,693.65
0.0008310000000000137,809.67,703.77
0.0008320000000000137,810.34,705.21
0.0008330000000000137,810.95,658.17
0.0008340000000000138,811.04,705.92
0.0008350000000000138,810.17,704.34
0.0008360000000000138,810.18,706.69
0.0008370000000000138,812.57,666.08
0.0008380000000000139,811.18,706.22
0.0008390000000000139,812.35,707.28
0.0008400000000000139,811.8,706.17
0.0008410000000000139,813.22,673.19
0.000842000000000014,813.27,708.81
0.000843000000000014,812.95,709.32
0.000844000000000014,814.37,709.59
0.000845000000000014,815.11,681.21
0.0008460000000000141,815.03,708.75
0.0008470000000000141,815.02,687.61
0.0008480000000000141,814.35,641.19
0.0008490000000000141,815.42,671.24
0.0008500000000000142,817.05,710.8
0.0008510000000000142,816.21,694.7
0.0008520000000000142,817.0,649.78
0.0008530000000000142,817.4,687.03
0.0008540000000000143,818.28,713.71
0.0008550000000000143,818.45,704.8
0.0008560000000000143,817.69,658.63
0.0008570000000000143,818.42,701.82
0.0008580000000000144,820.06,716.13
0.0008590000000000144,819.81,711.49
0.0008600000000000144,820.34,667.73
0.0008610000000000144,821.03,716.24
0.0008620000000000144,820.28,715.35
0.0008630000000000145,821.08,716.56
0.0008640000000000145,822.25,675.5
0.0008650000000000145,823.7,716.78
0.0008660000000000145,822.38,719.22
0.0008670000000000146,822.01,717.75
0.0008680000000000146,822.82,683.66
0.0008690000000000146,822.98,718.48
0.0008700000000000146,823.64,718.69
0.0008710000000000147,824.19,720.77
0.0008720000000000147,824.68,691.36
0.0008730000000000147,825.2,720.3
0.0008740000000000147,825.85,721.36
0.0008750000000000148,826.39,721.61
0.0008760000000000148,826.83,682.36
0.0008770000000000148,828.08,721.86
0.0008780000000000148,826.52,705.86
0.0008790000000000149,826.25,658.16
0.0008800000000000149,828.08,695.52
0.0008810000000000149,828.02,724.36
0.0008820000000000149,829.34,715.13
0.000883000000000015,828.88,666.66
0.000884000000000015,828.81,709.44
0.000885000000000015,830.17,727.06
0.000886000000000015,828.98,723.39
0.0008870000000000151,828.96,676.1
0.0008880000000000151,829.67,727.16
0.0008890000000000151,829.52,726.65
0.0008900000000000151,830.12,727.93
0.0008910000000000152,832.3,684.72
0.0008920000000000152,832.66,727.76
0.0008930000000000152,831.61,728.7
0.0008940000000000152,831.37,728.91
0.0008950000000000152,832.11,691.71
0.0008960000000000153,832.41,728.83
0.0008970000000000153,832.69,729.04
0.0008980000000000153,833.85,732.01
0.0008990000000000153,832.66,699.98
0.0009000000000000154,834.6,731.43
0.0009010000000000154,833.67,731.83
0.0009020000000000154,834.26,730.82
0.0009030000000000154,836.14,710.69
0.0009040000000000155,835.0,732.24
0.0009050000000000155,834.98,714.79
0.0009060000000000155,835.92,667.68
0.0009070000000000155,835.48,702.21
0.0009080000000000156,836.14,733.0
0.0009090000000000156,837.63,721.58
0.0009100000000000156,836.76,675.22
0.0009110000000000156,837.65,718.64
0.0009120000000000157,838.79,736.02
0.0009130000000000157,839.29,729.9
0.0009140000000000157,838.68,683.65
0.0009150000000000157,838.89,734.0
0.0009160000000000158,838.98,737.34
0.0009170000000000158,840.1,737.48
0.0009180000000000158,839.22,693.21
0.0009190000000000158,839.84,738.13
0.0009200000000000159,840.03,738.26
0.0009210000000000159,840.61,739.34
0.0009220000000000159,840.32,701.58
0.0009230000000000159,841.28,739.56
0.000924000000000016,841.62,740.05
0.000925000000000016,842.39,741.24
0.000926000000000016,842.23,710.78
0.000927000000000016,843.75,742.31
0.000928000000000016,842.91,742.25
0.0009290000000000161,844.63,742.69
0.0009300000000000161,843.82,717.25
0.0009310000000000161,844.31,742.43
0.0009320000000000161,845.89,731.95
0.0009330000000000162,843.8,676.32
0.0009340000000000162,844.03,709.33
0.0009350000000000162,845.55,744.76
0.0009360000000000162,845.73,731.48
0.0009370000000000163,847.22,684.36
0.0009380000000000163,846.45,724.99
0.0009390000000000163,846.98,744.0
0.0009400000000000163,846.51,740.46
0.0009410000000000164,845.74,693.28
0.0009420000000000164,846.79,741.3
0.0009430000000000164,847.26,747.13
0.0009440000000000164,848.27,746.68
0.0009450000000000165,849.26,701.4
0.0009460000000000165,848.9,748.85
0.0009470000000000165,849.13,749.12
0.0009480000000000165,849.67,748.53
0.0009490000000000166,849.65,709.18
0.0009500000000000166,848.81,750.04
0.0009510000000000166,848.88,749.49
0.0009520000000000166,851.13,750.01
0.0009530000000000167,848.85,717.85
0.0009540000000000167,851.96,749.94
0.0009550000000000167,852.09,752.68
0.0009560000000000167,852.23,752.11
0.0009570000000000168,850.67,727.05
0.0009580000000000168,853.1,752.76
0.0009590000000000168,852.22,751.8
0.0009600000000000168,851.68,752.59
0.0009610000000000169,852.33,716.45
0.0009620000000000169,853.38,753.53
0.0009630000000000169,853.63,739.78
0.0009640000000000169,854.76,692.31
0.000965000000000017,855.2,732.61
0.000966000000000017,854.19,755.93
0.000967000000000017,855.13,747.41
0.000968000000000017,855.46,700.4
0.000969000000000017,854.77,746.72
0.0009700000000000171,855.4,755.5
0.0009710000000000171,855.3,758.02
0.0009720000000000171,855.44,710.26
0.0009730000000000171,855.31,758.93
0.0009740000000000172,857.57,757.61
0.0009750000000000172,857.69,759.18
0.0009760000000000172,858.49,717.02
0.0009770000000000171,856.91,759.21
0.000978000000000017,858.08,759.21
0.000979000000000017,858.35,761.63
0.0009800000000000169,857.93,725.53
0.0009810000000000168,859.91,760.49
0.0009820000000000167,858.33,761.24
0.0009830000000000166,859.07,760.8
0.0009840000000000165,860.38,735.06
0.0009850000000000165,860.22,761.79
0.0009860000000000164,860.97,762.33
0.0009870000000000163,859.27,762.78
0.0009880000000000162,860.48,720.24
0.0009890000000000161,861.55,762.81
0.000990000000000016,862.9,746.86
0.000991000000000016,861.83,699.82
0.0009920000000000159,861.75,736.37
0.0009930000000000158,861.64,765.57
0.0009940000000000157,862.39,754.99
0.0009950000000000156,863.44,708.3
0.0009960000000000155,863.23,754.62
0.0009970000000000155,863.06,765.61
0.0009980000000000154,861.91,763.23
0.0009990000000000153,864.28,717.42
